account_id,name,worklocation
2,Autobiographer,
5,Autobiographer,
6,Autobiographer,
7,Autobiographer,
9,Autobiographer,
11,Autobiographer,
13,Autobiographer,
14,Autobiographer,
15,Autobiographer,
17,Autobiographer,
11,Teacher,
12,Supporter,
22,Supporter,
19,Autobiographer,
21,Autobiographer,
23,Autobiographer,
24,Autobiographer,
25,Autobiographer,
26,Autobiographer,
6,Teacher,
9,Teacher,
21,Teacher,
6,Student,
11,Student,
11,Editor,
6,Supporter,
7,Supporter,
9,Supporter,
11,Supporter,
17,Supporter,
19,Supporter,
21,Supporter,
28,Supporter,
27,Autobiographer,
28,Autobiographer,
29,Autobiographer,
31,Autobiographer,
32,Autobiographer,
33,Autobiographer,
14,Teacher,
17,Student,
4,Supporter,
34,Autobiographer,
36,Autobiographer,
37,Autobiographer,
38,Autobiographer,
4,Teacher,
28,Teacher,
31,Teacher,
19,Editor,
13,Supporter,
38,Supporter,
45,Supporter,
12,Critic,
41,Autobiographer,
42,Autobiographer,
43,Autobiographer,
44,Autobiographer,
47,Autobiographer,
48,Autobiographer,
49,Autobiographer,
17,Teacher,
27,Teacher,
42,Teacher,
23,Supporter,
47,Supporter,
48,Supporter,
50,Supporter,
52,Supporter,
11,Critic,
50,Autobiographer,
51,Autobiographer,
52,Autobiographer,
18,Teacher,
33,Teacher,
52,Teacher,
13,Student,
40,Student,
41,Student,
18,Supporter,
24,Supporter,
53,Supporter,
54,Supporter,
55,Autobiographer,
56,Autobiographer,
44,Student,
47,Student,
42,Editor,
35,Supporter,
40,Supporter,
44,Supporter,
57,Autobiographer,
58,Autobiographer,
38,Teacher,
53,Teacher,
19,Student,
33,Supporter,
42,Supporter,
61,Supporter,
62,Autobiographer,
18,Student,
34,Supporter,
57,Supporter,
62,Supporter,
63,Autobiographer,
64,Autobiographer,
14,Student,
38,Student,
41,Supporter,
66,Supporter,
25,Teacher,
69,Autobiographer,
70,Autobiographer,
45,Teacher,
47,Teacher,
61,Teacher,
9,Student,
34,Student,
45,Student,
61,Editor,
36,Supporter,
67,Supporter,
71,Supporter,
71,Autobiographer,
74,Autobiographer,
69,Teacher,
4,Student,
41,Critic,
24,Teacher,
62,Teacher,
52,Editor,
67,Editor,
15,Supporter,
25,Supporter,
39,Supporter,
75,Supporter,
34,Critic,
11,Scholar,
78,Supporter,
11,Commentator,
6,Organizer,
74,Supporter,
40,Teacher,
51,Teacher,
67,Teacher,
76,Supporter,
74,Student,
79,Autobiographer,
82,Autobiographer,
67,Student,
41,Teacher,
83,Teacher,
83,Supporter,
66,Student,
55,Student,
66,Editor,
74,Editor,
11,Organizer,
85,Supporter,
86,Supporter,
87,Supporter,
88,Supporter,
86,Autobiographer,
87,Autobiographer,
88,Autobiographer,
78,Teacher,
85,Teacher,
30,Editor,
87,Teacher,
30,Cleanup,
89,Autobiographer,
6,Mortarboard,
11,Mortarboard,
67,Commentator,
15,Teacher,
44,Editor,
90,Autobiographer,
91,Autobiographer,
92,Autobiographer,
89,Supporter,
93,Autobiographer,
94,Autobiographer,
75,Student,
85,Student,
92,Student,
92,Editor,
91,Supporter,
44,Critic,
96,Autobiographer,
96,Supporter,
6,Critic,
40,Critic,
91,Teacher,
23,Teacher,
74,Teacher,
97,Supporter,
98,Supporter,
98,Autobiographer,
99,Autobiographer,
